supplier,category,page_url,image_url,original_path,optimized_path,width,height,bytes
易事特集团股份有限公司,products,https://www.eastups.com/,https://www.eastups.com/u/cms/www/202606/03180429443f.jpg,downloads\supplier_images\易事特集团股份有限公司\products\001.jpg,downloads\supplier_images\易事特集团股份有限公司\products\001-optimized.jpg,1080,720,180342
易事特集团股份有限公司,products,https://www.eastups.com/,https://www.eastups.com/u/cms/www/202606/03085017tczi.jpg,downloads\supplier_images\易事特集团股份有限公司\products\002.jpg,downloads\supplier_images\易事特集团股份有限公司\products\002-optimized.jpg,1440,1080,286249
易事特集团股份有限公司,products,https://www.eastups.com/,https://www.eastups.com/u/cms/www/202605/301214459oho.jpg,downloads\supplier_images\易事特集团股份有限公司\products\003.jpg,downloads\supplier_images\易事特集团股份有限公司\products\003-optimized.jpg,2497,1280,227441
易事特集团股份有限公司,certificates,https://www.eastups.com/,https://www.eastups.com/u/cms/www/202605/27193133ceup.png,downloads\supplier_images\易事特集团股份有限公司\certificates\004.png,downloads\supplier_images\易事特集团股份有限公司\certificates\004-optimized.jpg,1080,418,625991
易事特集团股份有限公司,products,https://www.eastups.com/,https://www.eastups.com/u/cms/www/202001/03143133tclr.jpg,downloads\supplier_images\易事特集团股份有限公司\products\008.jpg,downloads\supplier_images\易事特集团股份有限公司\products\008-optimized.jpg,600,400,77006
易事特集团股份有限公司,products,https://www.eastups.com/,https://www.eastups.com/u/cms/www/202309/27142222xbv1.png,downloads\supplier_images\易事特集团股份有限公司\products\010.png,downloads\supplier_images\易事特集团股份有限公司\products\010-optimized.jpg,800,399,39254
易事特集团股份有限公司,products,https://www.eastups.com/,https://www.eastups.com/u/cms/www/202308/24172340e0x2.jpg,downloads\supplier_images\易事特集团股份有限公司\products\011.jpg,downloads\supplier_images\易事特集团股份有限公司\products\011-optimized.jpg,889,500,30345
易事特集团股份有限公司,products,https://www.eastups.com/,https://www.eastups.com/u/cms/www/202308/141641473zr1.jpg,downloads\supplier_images\易事特集团股份有限公司\products\012.jpg,downloads\supplier_images\易事特集团股份有限公司\products\012-optimized.jpg,960,419,94250
易事特集团股份有限公司,products,https://www.eastups.com/,https://www.eastups.com/u/cms/www/201906/21111747f49r.jpg,downloads\supplier_images\易事特集团股份有限公司\products\013.jpg,downloads\supplier_images\易事特集团股份有限公司\products\013-optimized.jpg,500,333,59155
易事特集团股份有限公司,products,https://www.eastups.com/,https://www.eastups.com/u/cms/www/201906/21111917kw35.jpg,downloads\supplier_images\易事特集团股份有限公司\products\014.jpg,downloads\supplier_images\易事特集团股份有限公司\products\014-optimized.jpg,800,403,45724
易事特集团股份有限公司,products,https://eastups.com/,https://eastups.com/u/cms/www/202606/03180429443f.jpg,downloads\supplier_images\易事特集团股份有限公司\products\020.jpg,downloads\supplier_images\易事特集团股份有限公司\products\020-optimized.jpg,1080,720,180342
易事特集团股份有限公司,products,https://eastups.com/,https://eastups.com/u/cms/www/202606/03085017tczi.jpg,downloads\supplier_images\易事特集团股份有限公司\products\021.jpg,downloads\supplier_images\易事特集团股份有限公司\products\021-optimized.jpg,1440,1080,286249
易事特集团股份有限公司,products,https://eastups.com/,https://eastups.com/u/cms/www/202605/301214459oho.jpg,downloads\supplier_images\易事特集团股份有限公司\products\022.jpg,downloads\supplier_images\易事特集团股份有限公司\products\022-optimized.jpg,2497,1280,227441
易事特集团股份有限公司,certificates,https://eastups.com/,https://eastups.com/u/cms/www/202605/27193133ceup.png,downloads\supplier_images\易事特集团股份有限公司\certificates\023.png,downloads\supplier_images\易事特集团股份有限公司\certificates\023-optimized.jpg,1080,418,625991
深圳科士达科技股份有限公司,other,https://www.kstar.com/,https://www.kstar.com/bocupload/2026/03/13/17733829992497u7yjl.png,downloads\supplier_images\深圳科士达科技股份有限公司\other\001.png,downloads\supplier_images\深圳科士达科技股份有限公司\other\001-optimized.jpg,3789,3407,87440
深圳科士达科技股份有限公司,other,https://www.kstar.com/,https://www.kstar.com/bocupload/2026/03/13/17733830567934shc09.png,downloads\supplier_images\深圳科士达科技股份有限公司\other\002.png,downloads\supplier_images\深圳科士达科技股份有限公司\other\002-optimized.jpg,3789,3407,161729
深圳科士达科技股份有限公司,other,https://www.kstar.com/,https://www.kstar.com/bocupload/2026/03/13/17733830781378y47wb.png,downloads\supplier_images\深圳科士达科技股份有限公司\other\003.png,downloads\supplier_images\深圳科士达科技股份有限公司\other\003-optimized.jpg,3789,3407,98077
深圳科士达科技股份有限公司,other,https://www.kstar.com/,https://www.kstar.com/bocupload/2026/03/13/17733829851396qomed.png,downloads\supplier_images\深圳科士达科技股份有限公司\other\004.png,downloads\supplier_images\深圳科士达科技股份有限公司\other\004-optimized.jpg,3789,3407,80575
深圳科士达科技股份有限公司,other,https://www.kstar.com/,https://www.kstar.com/bocupload/2026/03/13/17733829440174v7uh.png,downloads\supplier_images\深圳科士达科技股份有限公司\other\005.png,downloads\supplier_images\深圳科士达科技股份有限公司\other\005-optimized.jpg,3789,3407,82313
深圳科士达科技股份有限公司,other,https://www.kstar.com/,https://www.kstar.com/bocupload/2026/03/13/17733828787595b1rw.png,downloads\supplier_images\深圳科士达科技股份有限公司\other\006.png,downloads\supplier_images\深圳科士达科技股份有限公司\other\006-optimized.jpg,3789,3407,144931
深圳科士达科技股份有限公司,other,https://www.kstar.com/,https://www.kstar.com/bocupload/2023/07/05/168852191576152ukcl.jpg,downloads\supplier_images\深圳科士达科技股份有限公司\other\011.jpg,downloads\supplier_images\深圳科士达科技股份有限公司\other\011-optimized.jpg,1920,1080,324896
深圳科士达科技股份有限公司,other,https://www.kstar.com/,https://www.kstar.com/bocupload/2023/06/29/168802621138696x7sa.jpg,downloads\supplier_images\深圳科士达科技股份有限公司\other\013.jpg,downloads\supplier_images\深圳科士达科技股份有限公司\other\013-optimized.jpg,1920,1080,1125702
深圳科士达科技股份有限公司,other,https://www.kstar.com/,https://www.kstar.com/bocupload/2023/03/01/167768338916575titn.jpg,downloads\supplier_images\深圳科士达科技股份有限公司\other\014.jpg,downloads\supplier_images\深圳科士达科技股份有限公司\other\014-optimized.jpg,900,560,70878
深圳科士达科技股份有限公司,other,https://www.kstar.com/,https://www.kstar.com/bocstatic/web/zimg/i5img.jpg?v=v1,downloads\supplier_images\深圳科士达科技股份有限公司\other\019.jpg,downloads\supplier_images\深圳科士达科技股份有限公司\other\019-optimized.jpg,750,450,113205
深圳索瑞德电子有限公司,products,https://www.soroups.com/,https://www.soroups.com/public/static/img/img21.png,downloads\supplier_images\深圳索瑞德电子有限公司\products\010.png,downloads\supplier_images\深圳索瑞德电子有限公司\products\010-optimized.jpg,715,500,417612
佛山市华葆电源设备有限公司,other,http://www.wahbou.com/,http://www.wahbou.com/Public/Home/images/videoi.jpg,downloads\supplier_images\佛山市华葆电源设备有限公司\other\001.jpg,downloads\supplier_images\佛山市华葆电源设备有限公司\other\001-optimized.jpg,1920,750,948579
佛山市华葆电源设备有限公司,other,http://www.wahbou.com/,http://www.wahbou.com/Uploads/2025-09-05/68ba85b215453.jpg,downloads\supplier_images\佛山市华葆电源设备有限公司\other\002.jpg,downloads\supplier_images\佛山市华葆电源设备有限公司\other\002-optimized.jpg,1920,750,363975
佛山市华葆电源设备有限公司,other,http://www.wahbou.com/,http://www.wahbou.com/Uploads/2022-05-11/627b10733c149.jpg,downloads\supplier_images\佛山市华葆电源设备有限公司\other\003.jpg,downloads\supplier_images\佛山市华葆电源设备有限公司\other\003-optimized.jpg,1920,750,387798
佛山市华葆电源设备有限公司,other,http://www.wahbou.com/,http://www.wahbou.com/Uploads/2022-05-11/627b107f74485.jpg,downloads\supplier_images\佛山市华葆电源设备有限公司\other\004.jpg,downloads\supplier_images\佛山市华葆电源设备有限公司\other\004-optimized.jpg,1920,750,207215
佛山市华葆电源设备有限公司,other,http://www.wahbou.com/,http://www.wahbou.com/Uploads/2022-05-11/627b109178bd4.jpg,downloads\supplier_images\佛山市华葆电源设备有限公司\other\005.jpg,downloads\supplier_images\佛山市华葆电源设备有限公司\other\005-optimized.jpg,1920,750,266440
佛山市华葆电源设备有限公司,other,http://www.wahbou.com/,http://www.wahbou.com/Uploads/2025-09-05/68ba8586dd540.jpg,downloads\supplier_images\佛山市华葆电源设备有限公司\other\006.jpg,downloads\supplier_images\佛山市华葆电源设备有限公司\other\006-optimized.jpg,1920,750,320633
佛山市华葆电源设备有限公司,other,http://www.wahbou.com/,http://www.wahbou.com/Uploads/2020-08-24/thumb_5f4380d55bb1f.jpg,downloads\supplier_images\佛山市华葆电源设备有限公司\other\008.jpg,downloads\supplier_images\佛山市华葆电源设备有限公司\other\008-optimized.jpg,500,353,31428
佛山市华葆电源设备有限公司,other,http://www.wahbou.com.cn/mb/,http://www.wahbou.com.cn/uploads/20220621/f09362a4a594c22226c2890573e9120e.jpg,downloads\supplier_images\佛山市华葆电源设备有限公司\other\020.jpg,downloads\supplier_images\佛山市华葆电源设备有限公司\other\020-optimized.jpg,640,400,143302
佛山市华葆电源设备有限公司,other,http://www.wahbou.com.cn/mb/,http://www.wahbou.com.cn/uploads/20220621/68ecd77a8dfedfe7be4d39fcc92d4ed2.jpg,downloads\supplier_images\佛山市华葆电源设备有限公司\other\021.jpg,downloads\supplier_images\佛山市华葆电源设备有限公司\other\021-optimized.jpg,640,400,252849
佛山市华葆电源设备有限公司,other,http://www.wahbou.com.cn/mb/,http://www.wahbou.com.cn/uploads/20220621/7384a155298b93d23c2b14171995e7c2.jpg,downloads\supplier_images\佛山市华葆电源设备有限公司\other\022.jpg,downloads\supplier_images\佛山市华葆电源设备有限公司\other\022-optimized.jpg,640,400,232932
佛山市华葆电源设备有限公司,other,http://www.wahbou.com.cn/mb/,http://www.wahbou.com.cn/uploads/20220621/875246a5df1ffcba037a9958a0e828aa.jpg,downloads\supplier_images\佛山市华葆电源设备有限公司\other\023.jpg,downloads\supplier_images\佛山市华葆电源设备有限公司\other\023-optimized.jpg,640,400,198988
