supplier,kind,page_url,image_url,path,width,height
易事特集团股份有限公司,product_collections,https://www.eastups.com/,https://www.eastups.com/u/cms/www/202606/04184159xncx.jpg,downloads/supplier_images/poster_assets/易事特集团股份有限公司/product_collections/001-optimized.jpg,6000,4000
易事特集团股份有限公司,product_collections,https://www.eastups.com/,https://www.eastups.com/u/cms/www/202606/04183550q5bq.jpg,downloads/supplier_images/poster_assets/易事特集团股份有限公司/product_collections/002-optimized.jpg,1080,720
易事特集团股份有限公司,product_collections,https://www.eastups.com/,https://www.eastups.com/u/cms/www/202606/03180429443f.jpg,downloads/supplier_images/poster_assets/易事特集团股份有限公司/product_collections/003-optimized.jpg,1080,720
易事特集团股份有限公司,scenes,https://www.eastups.com/,https://www.eastups.com/u/cms/www/202606/03085017tczi.jpg,downloads/supplier_images/poster_assets/易事特集团股份有限公司/scenes/004-optimized.jpg,1440,1080
易事特集团股份有限公司,product_collections,https://www.eastups.com/,https://www.eastups.com/u/cms/www/202001/03143133tclr.jpg,downloads/supplier_images/poster_assets/易事特集团股份有限公司/product_collections/008-optimized.jpg,600,400
易事特集团股份有限公司,product_collections,https://www.eastups.com/,https://www.eastups.com/u/cms/www/202309/27142222xbv1.png,downloads/supplier_images/poster_assets/易事特集团股份有限公司/product_collections/010-optimized.jpg,800,399
易事特集团股份有限公司,product_collections,https://www.eastups.com/,https://www.eastups.com/u/cms/www/202308/24172340e0x2.jpg,downloads/supplier_images/poster_assets/易事特集团股份有限公司/product_collections/011-optimized.jpg,889,500
易事特集团股份有限公司,product_collections,https://www.eastups.com/,https://www.eastups.com/u/cms/www/202308/141641473zr1.jpg,downloads/supplier_images/poster_assets/易事特集团股份有限公司/product_collections/012-optimized.jpg,960,419
易事特集团股份有限公司,product_collections,https://www.eastups.com/,https://www.eastups.com/u/cms/www/201906/21111917kw35.jpg,downloads/supplier_images/poster_assets/易事特集团股份有限公司/product_collections/014-optimized.jpg,800,403
深圳科士达科技股份有限公司,scenes,https://www.kstar.com/,https://www.kstar.com/bocupload/2026/03/13/17733829992497u7yjl.png,downloads/supplier_images/poster_assets/深圳科士达科技股份有限公司/scenes/001-optimized.jpg,3789,3407
深圳科士达科技股份有限公司,scenes,https://www.kstar.com/,https://www.kstar.com/bocupload/2026/03/13/17733830567934shc09.png,downloads/supplier_images/poster_assets/深圳科士达科技股份有限公司/scenes/002-optimized.jpg,3789,3407
深圳科士达科技股份有限公司,scenes,https://www.kstar.com/,https://www.kstar.com/bocupload/2026/03/13/17733830781378y47wb.png,downloads/supplier_images/poster_assets/深圳科士达科技股份有限公司/scenes/003-optimized.jpg,3789,3407
深圳科士达科技股份有限公司,scenes,https://www.kstar.com/,https://www.kstar.com/bocupload/2026/03/13/17733829851396qomed.png,downloads/supplier_images/poster_assets/深圳科士达科技股份有限公司/scenes/004-optimized.jpg,3789,3407
深圳科士达科技股份有限公司,scenes,https://www.kstar.com/,https://www.kstar.com/bocupload/2026/03/13/17733829440174v7uh.png,downloads/supplier_images/poster_assets/深圳科士达科技股份有限公司/scenes/005-optimized.jpg,3789,3407
深圳科士达科技股份有限公司,scenes,https://www.kstar.com/,https://www.kstar.com/bocupload/2026/03/13/17733828787595b1rw.png,downloads/supplier_images/poster_assets/深圳科士达科技股份有限公司/scenes/006-optimized.jpg,3789,3407
深圳科士达科技股份有限公司,product_collections,https://www.kstar.com/,https://www.kstar.com/bocupload/2023/07/05/168852191576152ukcl.jpg,downloads/supplier_images/poster_assets/深圳科士达科技股份有限公司/product_collections/011-optimized.jpg,1920,1080
深圳科士达科技股份有限公司,product_collections,https://www.kstar.com/,https://www.kstar.com/bocupload/2023/06/29/168802621138696x7sa.jpg,downloads/supplier_images/poster_assets/深圳科士达科技股份有限公司/product_collections/013-optimized.jpg,1920,1080
深圳科士达科技股份有限公司,product_collections,https://www.kstar.com/,https://www.kstar.com/bocupload/2023/03/01/167768338916575titn.jpg,downloads/supplier_images/poster_assets/深圳科士达科技股份有限公司/product_collections/014-optimized.jpg,900,560
深圳科士达科技股份有限公司,product_collections,https://www.kstar.com/,https://www.kstar.com/bocstatic/web/zimg/i5img.jpg?v=v1,downloads/supplier_images/poster_assets/深圳科士达科技股份有限公司/product_collections/019-optimized.jpg,750,450
深圳科士达科技股份有限公司,product_collections,https://www.kstar.com/cn/product,https://www.kstar.com/cn/bocupload/2024/02/29/1709201494772mesyt.jpg,downloads/supplier_images/poster_assets/深圳科士达科技股份有限公司/product_collections/028-optimized.jpg,1920,500
深圳科士达科技股份有限公司,other,https://www.kstar.com/cn/product,https://www.kstar.com/cn/bocupload/2024/03/04/1709531726715521kbg.jpg,downloads/supplier_images/poster_assets/深圳科士达科技股份有限公司/other/029-optimized.jpg,750,600
深圳科士达科技股份有限公司,product_collections,https://www.kstar.com/cn/product,https://www.kstar.com/cn/bocupload/2024/03/04/17095203375601edmq9.jpg,downloads/supplier_images/poster_assets/深圳科士达科技股份有限公司/product_collections/030-optimized.jpg,1920,500
深圳科士达科技股份有限公司,other,https://www.kstar.com/cn/product,https://www.kstar.com/cn/bocupload/2024/03/04/17095320371679nnwwp.jpg,downloads/supplier_images/poster_assets/深圳科士达科技股份有限公司/other/031-optimized.jpg,750,600
深圳科士达科技股份有限公司,product_collections,https://www.kstar.com/cn/product,https://www.kstar.com/cn/bocupload/2024/03/04/17095203272951bds8n.jpg,downloads/supplier_images/poster_assets/深圳科士达科技股份有限公司/product_collections/032-optimized.jpg,1920,500
深圳科士达科技股份有限公司,other,https://www.kstar.com/cn/product,https://www.kstar.com/cn/bocupload/2024/03/04/1709532056933mvgpk.jpg,downloads/supplier_images/poster_assets/深圳科士达科技股份有限公司/other/033-optimized.jpg,750,600
深圳科士达科技股份有限公司,product_collections,https://www.kstar.com/cn/product,https://www.kstar.com/cn/bocupload/2024/02/29/170920152579964um0n.jpg,downloads/supplier_images/poster_assets/深圳科士达科技股份有限公司/product_collections/034-optimized.jpg,1920,500
深圳科士达科技股份有限公司,other,https://www.kstar.com/cn/product,https://www.kstar.com/cn/bocupload/2024/03/04/17095320713351xp0c7.jpg,downloads/supplier_images/poster_assets/深圳科士达科技股份有限公司/other/035-optimized.jpg,750,600
深圳科士达科技股份有限公司,product_collections,https://www.kstar.com/cn/product,https://www.kstar.com/cn/bocupload/2024/05/09/17152442014282f1yy.png,downloads/supplier_images/poster_assets/深圳科士达科技股份有限公司/product_collections/045-optimized.jpg,820,400
深圳索瑞德电子有限公司,product_collections,https://www.soroups.com/,https://www.soroups.com/public/static/img/img21.png,downloads/supplier_images/poster_assets/深圳索瑞德电子有限公司/product_collections/010-optimized.jpg,715,500
深圳索瑞德电子有限公司,product_collections,https://www.soroups.com/,https://www.soroups.com/Uploads/image/20250423/2025042316005483.png,downloads/supplier_images/poster_assets/深圳索瑞德电子有限公司/product_collections/032-optimized.jpg,1920,800
深圳索瑞德电子有限公司,product_collections,https://www.soroups.com/,https://www.soroups.com/Uploads/image/20250423/2025042315550125.png,downloads/supplier_images/poster_assets/深圳索瑞德电子有限公司/product_collections/033-optimized.jpg,1920,800
深圳索瑞德电子有限公司,product_collections,https://www.soroups.com/,https://www.soroups.com/Uploads/image/20250423/2025042316011492.png,downloads/supplier_images/poster_assets/深圳索瑞德电子有限公司/product_collections/034-optimized.jpg,1920,800
深圳索瑞德电子有限公司,product_collections,https://www.soroups.com/,https://www.soroups.com/Uploads/image/20250423/2025042315543921.png,downloads/supplier_images/poster_assets/深圳索瑞德电子有限公司/product_collections/035-optimized.jpg,1920,800
深圳索瑞德电子有限公司,product_collections,https://www.soroups.com/,https://www.soroups.com/Uploads/image/20260325/2026032511575024.jpg,downloads/supplier_images/poster_assets/深圳索瑞德电子有限公司/product_collections/039-optimized.jpg,1280,591
深圳索瑞德电子有限公司,scenes,https://www.soroups.com/,https://www.soroups.com/Uploads/image/20251024/2025102417173968.jpg,downloads/supplier_images/poster_assets/深圳索瑞德电子有限公司/scenes/040-optimized.jpg,4032,3046
深圳索瑞德电子有限公司,other,https://www.soroups.com/,https://www.soroups.com/Uploads/image/20250816/2025081609590126.png,downloads/supplier_images/poster_assets/深圳索瑞德电子有限公司/other/041-optimized.jpg,1000,804
深圳索瑞德电子有限公司,product_collections,https://www.soroups.com/,https://www.soroups.com/Uploads/image/20251212/2025121210580180.png,downloads/supplier_images/poster_assets/深圳索瑞德电子有限公司/product_collections/055-optimized.jpg,1311,582
深圳索瑞德电子有限公司,product_collections,https://www.soroups.com/product.html,https://www.soroups.com/public/static/img/banner2.png,downloads/supplier_images/poster_assets/深圳索瑞德电子有限公司/product_collections/060-optimized.jpg,1920,800
深圳索瑞德电子有限公司,product_collections,https://www.soroups.com/product.html,https://www.soroups.com/Uploads/image/20251204/2025120411184516.png,downloads/supplier_images/poster_assets/深圳索瑞德电子有限公司/product_collections/063-optimized.jpg,2000,2000
深圳索瑞德电子有限公司,product_collections,https://www.soroups.com/product.html,https://www.soroups.com/Uploads/image/20251204/2025120411065818.png,downloads/supplier_images/poster_assets/深圳索瑞德电子有限公司/product_collections/064-optimized.jpg,2560,1920
深圳索瑞德电子有限公司,product_collections,https://www.soroups.com/product.html,https://www.soroups.com/Uploads/image/20251204/2025120410591748.png,downloads/supplier_images/poster_assets/深圳索瑞德电子有限公司/product_collections/065-optimized.jpg,2560,1920
深圳索瑞德电子有限公司,product_collections,https://www.soroups.com/product.html,https://www.soroups.com/Uploads/image/20251204/2025120410244920.png,downloads/supplier_images/poster_assets/深圳索瑞德电子有限公司/product_collections/066-optimized.jpg,2560,1920
深圳索瑞德电子有限公司,product_collections,https://www.soroups.com/product.html,https://www.soroups.com/Uploads/image/20251204/2025120410114293.png,downloads/supplier_images/poster_assets/深圳索瑞德电子有限公司/product_collections/067-optimized.jpg,2147,1610
深圳索瑞德电子有限公司,product_collections,https://www.soroups.com/product.html,https://www.soroups.com/Uploads/image/20251204/2025120410010297.png,downloads/supplier_images/poster_assets/深圳索瑞德电子有限公司/product_collections/068-optimized.jpg,2147,1610
深圳索瑞德电子有限公司,product_collections,https://www.soroups.com/product.html,https://www.soroups.com/Uploads/image/20251204/2025120409513045.png,downloads/supplier_images/poster_assets/深圳索瑞德电子有限公司/product_collections/069-optimized.jpg,2147,1610
深圳索瑞德电子有限公司,product_collections,https://www.soroups.com/product.html,https://www.soroups.com/Uploads/image/20251203/2025120317414252.png,downloads/supplier_images/poster_assets/深圳索瑞德电子有限公司/product_collections/070-optimized.jpg,4096,4096
深圳索瑞德电子有限公司,product_collections,https://www.soroups.com/product.html,https://www.soroups.com/Uploads/image/20251203/2025120317325857.png,downloads/supplier_images/poster_assets/深圳索瑞德电子有限公司/product_collections/071-optimized.jpg,1500,1125
深圳索瑞德电子有限公司,product_collections,https://www.soroups.com/product.html,https://www.soroups.com/Uploads/image/20251203/2025120317202477.png,downloads/supplier_images/poster_assets/深圳索瑞德电子有限公司/product_collections/072-optimized.jpg,4096,4096
深圳索瑞德电子有限公司,product_collections,https://www.soroups.com/product.html,https://www.soroups.com/Uploads/image/20251203/2025120316314489.png,downloads/supplier_images/poster_assets/深圳索瑞德电子有限公司/product_collections/073-optimized.jpg,2000,2000
深圳索瑞德电子有限公司,product_collections,https://www.soroups.com/product.html,https://www.soroups.com/Uploads/image/20250818/2025081814482174.png,downloads/supplier_images/poster_assets/深圳索瑞德电子有限公司/product_collections/074-optimized.jpg,4096,4096
深圳索瑞德电子有限公司,product_collections,https://www.soroups.com/product.html,https://www.soroups.com/Uploads/image/20250818/2025081814180059.png,downloads/supplier_images/poster_assets/深圳索瑞德电子有限公司/product_collections/075-optimized.jpg,2560,1920
深圳索瑞德电子有限公司,product_collections,https://www.soroups.com/product.html,https://www.soroups.com/Uploads/image/20250621/2025062115211944.png,downloads/supplier_images/poster_assets/深圳索瑞德电子有限公司/product_collections/076-optimized.jpg,1500,1125
深圳索瑞德电子有限公司,product_collections,https://www.soroups.com/product.html,https://www.soroups.com/Uploads/image/20250621/2025062112121827.png,downloads/supplier_images/poster_assets/深圳索瑞德电子有限公司/product_collections/077-optimized.jpg,4096,4096
深圳索瑞德电子有限公司,product_collections,https://www.soroups.com/product.html,https://www.soroups.com/Uploads/image/20250621/2025062111222479.png,downloads/supplier_images/poster_assets/深圳索瑞德电子有限公司/product_collections/078-optimized.jpg,4096,4096
深圳索瑞德电子有限公司,product_collections,https://www.soroups.com/product.html,https://www.soroups.com/Uploads/image/20250621/2025062111093497.png,downloads/supplier_images/poster_assets/深圳索瑞德电子有限公司/product_collections/079-optimized.jpg,4096,4096
深圳索瑞德电子有限公司,product_collections,https://www.soroups.com/product.html,https://www.soroups.com/Uploads/image/20250619/2025061918013116.png,downloads/supplier_images/poster_assets/深圳索瑞德电子有限公司/product_collections/080-optimized.jpg,2147,1610
深圳索瑞德电子有限公司,product_collections,https://www.soroups.com/product.html,https://www.soroups.com/Uploads/image/20250428/2025042811560191.png,downloads/supplier_images/poster_assets/深圳索瑞德电子有限公司/product_collections/081-optimized.jpg,4032,3024
深圳索瑞德电子有限公司,product_collections,https://www.soroups.com/product.html,https://www.soroups.com/Uploads/image/20240131/2024013114435080.png,downloads/supplier_images/poster_assets/深圳索瑞德电子有限公司/product_collections/082-optimized.jpg,1020,680
深圳索瑞德电子有限公司,product_collections,https://www.soroups.com/product.html,https://www.soroups.com/Uploads/image/20231026/2023102609543787.png,downloads/supplier_images/poster_assets/深圳索瑞德电子有限公司/product_collections/084-optimized.jpg,762,1589
深圳索瑞德电子有限公司,product_collections,https://www.soroups.com/product.html,https://www.soroups.com/Uploads/image/20230908/2023090814290344.png,downloads/supplier_images/poster_assets/深圳索瑞德电子有限公司/product_collections/085-optimized.jpg,865,1297
深圳索瑞德电子有限公司,product_collections,https://www.soroups.com/product.html,https://www.soroups.com/Uploads/image/20241217/2024121716303493.png,downloads/supplier_images/poster_assets/深圳索瑞德电子有限公司/product_collections/089-optimized.jpg,2048,2048
深圳索瑞德电子有限公司,product_collections,https://www.soroups.com/product.html,https://www.soroups.com/Uploads/image/20250621/2025062111072614.png,downloads/supplier_images/poster_assets/深圳索瑞德电子有限公司/product_collections/090-optimized.jpg,4096,4096
深圳索瑞德电子有限公司,product_collections,https://www.soroups.com/product.html,https://www.soroups.com/Uploads/image/20241217/2024121716375370.png,downloads/supplier_images/poster_assets/深圳索瑞德电子有限公司/product_collections/096-optimized.jpg,8858,6174
深圳索瑞德电子有限公司,product_collections,https://www.soroups.com/product.html,https://www.soroups.com/Uploads/image/20241217/2024121716460018.png,downloads/supplier_images/poster_assets/深圳索瑞德电子有限公司/product_collections/097-optimized.jpg,8858,6174
深圳索瑞德电子有限公司,product_collections,https://www.soroups.com/product.html,https://www.soroups.com/Uploads/image/20241217/2024121716103512.png,downloads/supplier_images/poster_assets/深圳索瑞德电子有限公司/product_collections/098-optimized.jpg,3413,3413
深圳索瑞德电子有限公司,product_collections,https://www.soroups.com/product.html,https://www.soroups.com/Uploads/image/20250114/2025011415210919.png,downloads/supplier_images/poster_assets/深圳索瑞德电子有限公司/product_collections/099-optimized.jpg,1542,2121
深圳索瑞德电子有限公司,product_collections,https://www.soroups.com/product.html,https://www.soroups.com/Uploads/image/20250114/2025011417265262.png,downloads/supplier_images/poster_assets/深圳索瑞德电子有限公司/product_collections/100-optimized.jpg,2560,2277
深圳索瑞德电子有限公司,product_collections,https://www.soroups.com/about.html,https://www.soroups.com/public/static/img/banner4.png,downloads/supplier_images/poster_assets/深圳索瑞德电子有限公司/product_collections/103-optimized.jpg,1920,600
深圳索瑞德电子有限公司,other,https://www.soroups.com/about.html,https://www.soroups.com/Uploads/image/20221228/2022122810101581.png,downloads/supplier_images/poster_assets/深圳索瑞德电子有限公司/other/107-optimized.jpg,996,758
深圳索瑞德电子有限公司,product_collections,https://www.soroups.com/about.html,https://www.soroups.com/Uploads/image/20221228/2022122810091264.png,downloads/supplier_images/poster_assets/深圳索瑞德电子有限公司/product_collections/108-optimized.jpg,921,630
深圳索瑞德电子有限公司,scenes,https://www.soroups.com/about.html,https://www.soroups.com/Uploads/image/20221228/2022122810092961.jpg,downloads/supplier_images/poster_assets/深圳索瑞德电子有限公司/scenes/109-optimized.jpg,2512,1836
深圳索瑞德电子有限公司,product_collections,https://www.soroups.com/about.html,https://www.soroups.com/Uploads/image/20221228/2022122810094497.png,downloads/supplier_images/poster_assets/深圳索瑞德电子有限公司/product_collections/110-optimized.jpg,1089,737
深圳索瑞德电子有限公司,product_collections,https://www.soroups.com/about.html,https://www.soroups.com/Uploads/image/20221227/2022122717251743.jpg,downloads/supplier_images/poster_assets/深圳索瑞德电子有限公司/product_collections/111-optimized.jpg,2822,1967
佛山市华葆电源设备有限公司,product_collections,http://www.wahbou.com/,http://www.wahbou.com/Public/Home/images/videoi.jpg,downloads/supplier_images/poster_assets/佛山市华葆电源设备有限公司/product_collections/001-optimized.jpg,1920,750
佛山市华葆电源设备有限公司,product_collections,http://www.wahbou.com/,http://www.wahbou.com/Uploads/2025-09-05/68ba85b215453.jpg,downloads/supplier_images/poster_assets/佛山市华葆电源设备有限公司/product_collections/002-optimized.jpg,1920,750
佛山市华葆电源设备有限公司,product_collections,http://www.wahbou.com/,http://www.wahbou.com/Uploads/2022-05-11/627b10733c149.jpg,downloads/supplier_images/poster_assets/佛山市华葆电源设备有限公司/product_collections/003-optimized.jpg,1920,750
佛山市华葆电源设备有限公司,product_collections,http://www.wahbou.com/,http://www.wahbou.com/Uploads/2022-05-11/627b107f74485.jpg,downloads/supplier_images/poster_assets/佛山市华葆电源设备有限公司/product_collections/004-optimized.jpg,1920,750
佛山市华葆电源设备有限公司,product_collections,http://www.wahbou.com/,http://www.wahbou.com/Uploads/2022-05-11/627b109178bd4.jpg,downloads/supplier_images/poster_assets/佛山市华葆电源设备有限公司/product_collections/005-optimized.jpg,1920,750
佛山市华葆电源设备有限公司,product_collections,http://www.wahbou.com/,http://www.wahbou.com/Uploads/2025-09-05/68ba8586dd540.jpg,downloads/supplier_images/poster_assets/佛山市华葆电源设备有限公司/product_collections/006-optimized.jpg,1920,750
佛山市华葆电源设备有限公司,product_collections,http://www.wahbou.com/solution/,http://www.wahbou.com/Uploads/2020-07-03/5efe93a1ab2a5.jpg,downloads/supplier_images/poster_assets/佛山市华葆电源设备有限公司/product_collections/020-optimized.jpg,1920,400
佛山市华葆电源设备有限公司,product_collections,http://www.wahbou.com/about/,http://www.wahbou.com/Uploads/2020-07-03/5efecee18f258.jpg,downloads/supplier_images/poster_assets/佛山市华葆电源设备有限公司/product_collections/021-optimized.jpg,1920,400
佛山市华葆电源设备有限公司,product_collections,http://www.wahbou.com/about/,http://www.wahbou.com/Public/Home/images/about_19.jpg,downloads/supplier_images/poster_assets/佛山市华葆电源设备有限公司/product_collections/141-optimized.jpg,591,381
佛山市华葆电源设备有限公司,product_collections,http://www.wahbou.com/about/,http://www.wahbou.com/Public/Home/images/about_21.jpg,downloads/supplier_images/poster_assets/佛山市华葆电源设备有限公司/product_collections/142-optimized.jpg,590,380
